name,amount,unit
True Elements Berries Mix 30g - Mix of Cranberries & Blueberries  Healthy Snack  Berry Mix  Dried Berries,30.0,g
Big Choice Almond-500G,500.0,g
Big Choice Cashew Nut Regular 500 gm,500.0,g
Crown Dates Wet - 500Gm Pkt,500.0,g
Combo -Kaju 200 Gm Pista 200 Gm Badam 200 Gm Kismis 200 gm Okhar Gudi 200 Gm Packet,200.0,g
Combo -Kaju 200 Gm Pista 200 Gm Badam 200 Gm Kismis 200 gm Okhar Gudi 200 Gm Packet,200.0,g
Combo -Kaju 200 Gm Pista 200 Gm Badam 200 Gm Kismis 200 gm Okhar Gudi 200 Gm Packet,200.0,g
Combo -Kaju 200 Gm Pista 200 Gm Badam 200 Gm Kismis 200 gm Okhar Gudi 200 Gm Packet,200.0,g
Combo -Kaju 200 Gm Pista 200 Gm Badam 200 Gm Kismis 200 gm Okhar Gudi 200 Gm Packet,200.0,g
Cashew Nuts (Kaju)- 100Gm,100.0,g
Magaj ( Melon Naked Seed ) 200Gm,200.0,g
Dried Frigs(Angir) - 200 Gm,200.0,g
Dry Fruits Combo:- Almond 200g/Cashew Nuts 200g/Green Raisins 200g/Pistachio 200g/Walnut 500g,200.0,g
Dry Fruits Combo:- Almond 200g/Cashew Nuts 200g/Green Raisins 200g/Pistachio 200g/Walnut 500g,200.0,g
Dry Fruits Combo:- Almond 200g/Cashew Nuts 200g/Green Raisins 200g/Pistachio 200g/Walnut 500g,200.0,g
Dry Fruits Combo:- Almond 200g/Cashew Nuts 200g/Green Raisins 200g/Pistachio 200g/Walnut 500g,200.0,g
Dry Fruits Combo:- Almond 200g/Cashew Nuts 200g/Green Raisins 200g/Pistachio 200g/Walnut 500g,500.0,g
Dry Fruits ( Pistachio ) 1 Kg,1000.0,g
Harlal's Unique Green Raisins 200G,200.0,g
Dried Green Raisin (Hareyo Dakh)- 500Gm,500.0,g
"Big Choice Almond, 1Kg",1000.0,g
"True Elements Whole Cranberries 125g - Cranberry Dry Fruit | Non-GMO, Gluten Free & Vegan Dried Berries",125.0,g
Almond Nuts 500g,500.0,g
Harlal'S Unique Almond-200G,200.0,g
Shrimann Kacho Badam 500G,500.0,g
Harlal's Unique Pisatachios 400 gm,400.0,g
Dry Fig (Anjeer) 200g,200.0,g
Super Grow Almond 100G,100.0,g
Bhumi Nepal Dried Cranberry-500 g,500.0,g
Harlal's Unique Cashewnuts 200 gm,200.0,g
Harlal's Unique Pisatachios 200 gm,200.0,g
Harlal's Unique Broken  Wallnut 400 gm,400.0,g
Super Grow Cashew 100G,100.0,g
Choice Almond ( Dry Fruits / Badam ) - 200G,200.0,g
Walnut Without Shells (Gudi Okhar)- 1Kg,1000.0,g
Harlal'S Unique Almond -100G,100.0,g
Harlal-s Unique Pisatachios 100 gm,100.0,g
Big Choice Cashew Nut Regular 1 Kg,1000.0,g
Dry Raisins (Green Kismis) 500g,500.0,g
Peanuts 1kg,1000.0,g
Harlal's Unique Wallnuts 400 gm,400.0,g
Sara Foods Black Raisin - 500gm,500.0,g
Super Grow Cashew 200G,200.0,g
Dates (White) 500gm,500.0,g
"Harlal's Unique Almond, 400G",400.0,g
Almond Nuts(Badam)- 200Gm,200.0,g
"Date Crown Fard Dates, 500g",500.0,g
Dry Raisins (Green Kismis) 200g,200.0,g
